{
  "Textures": {},
  "Parameters": {
    "BlendMode": 2,
    "ShadingModel": 0,
    "Colors": {},
    "Scalars": {
      "UseRimLightShell": 1.0,
      "RefractionDepthBias": 0.0
    },
    "Switches": {},
    "Properties": {
      "bHasStaticPermutationResource": true,
      "BasePropertyOverrides": {
        "bOverride_OpacityMaskClipValue": true,
        "bUseTranslucencyVertexFog": true,
        "MaterialDecalResponse": "EMaterialDecalResponse::MDR_ColorNormalRoughness",
        "BlendMode": "EBlendMode::BLEND_Translucent",
        "OpacityMaskClipValue": 0.8
      },
      "bIncludedInBaseGame": true
    },
    "HasTopDiffuse": false,
    "HasTopNormals": false,
    "HasTopSpecularMasks": false,
    "HasTopEmissive": false,
    "IsTranslucent": true,
    "IsNull": true
  }
}