{
  "Textures": {},
  "Parameters": {
    "BlendMode": 2,
    "ShadingModel": 0,
    "Colors": {
      "ShadowColor": {
        "R": 0.0,
        "G": 0.0,
        "B": 0.0,
        "A": 1.0,
        "Hex": "000000"
      }
    },
    "Scalars": {
      "HeightRangeMax": 1.0,
      "HeightRangeMin": 0.0,
      "RefractionDepthBias": 0.0
    },
    "Switches": {},
    "Properties": {
      "BasePropertyOverrides": {
        "bOverride_UseTranslucencyVertexFog": true,
        "bUseTranslucencyVertexFog": true,
        "MaterialDecalResponse": "EMaterialDecalResponse::MDR_ColorNormalRoughness",
        "BlendMode": "EBlendMode::BLEND_Translucent",
        "ShadingModel": "EMaterialShadingModel::MSM_Unlit",
        "OpacityMaskClipValue": 0.3333
      },
      "bIncludedInBaseGame": true
    },
    "HasTopDiffuse": false,
    "HasTopNormals": false,
    "HasTopSpecularMasks": false,
    "HasTopEmissive": false,
    "IsTranslucent": true,
    "IsNull": true
  }
}