{
  "Textures": {
    "FakeReflection": "Marvel/Content/Marvel/Environment/Common/LightingRes/X20_Hdri/EpicQuadPanorama_CC_EV2.EpicQuadPanorama_CC_EV2",
    "EpicQuadPanorama_CC_EV2": "Marvel/Content/Marvel/Environment/Common/LightingRes/X20_Hdri/EpicQuadPanorama_CC_EV2.EpicQuadPanorama_CC_EV2",
    "HighlightMask": "Marvel/Content/Marvel/Characters/Common/Textures/T_Common_Eyeball_SP.T_Common_Eyeball_SP",
    "T_Common_Eyeball_SP": "Marvel/Content/Marvel/Characters/Common/Textures/T_Common_Eyeball_SP.T_Common_Eyeball_SP"
  },
  "Parameters": {
    "BlendMode": 2,
    "ShadingModel": 0,
    "Colors": {
      "RotateFactor": {
        "R": 1.0,
        "G": 0.0,
        "B": 0.0,
        "A": 1.0,
        "Hex": "FF0000"
      }
    },
    "Scalars": {
      "HighlightIntensity": 1.0,
      "Opacity": 0.0,
      "Opacity_HighLight": 0.796774,
      "PowerFactor": 0.1,
      "ReflectionIntensity": 0.605096,
      "RotateAngle": 6.968708,
      "TileX": 0.925,
      "TileY": 1.039049,
      "RefractionDepthBias": 0.0
    },
    "Switches": {
      "FakeHighlight?": true
    },
    "Properties": {
      "bHasStaticPermutationResource": true,
      "BasePropertyOverrides": {
        "bOverride_TwoSided": true,
        "bUseTranslucencyVertexFog": true,
        "MaterialDecalResponse": "EMaterialDecalResponse::MDR_ColorNormalRoughness",
        "TwoSided": true,
        "BlendMode": "EBlendMode::BLEND_Translucent",
        "OpacityMaskClipValue": 0.3333
      },
      "bIncludedInBaseGame": true
    },
    "HasTopDiffuse": false,
    "HasTopNormals": false,
    "HasTopSpecularMasks": false,
    "HasTopEmissive": false,
    "IsTranslucent": true,
    "IsNull": false
  }
}